{"speech_scaling_factor": 0.2333984375, "speech_bias_factor": -0.0703125}